Sr No.,"Unique ID 
(Unique Identification No. for Facility / Branch / Store ID)","CA No.
(Customer ID / Consumer ID / IVRS No. / K No.)",Boardname,State,City,"Bill Type
DISCOM / Non DISCOM",Billing Cycle,"Area of Facility/ Store/ Branch
Sq Ft ",Credential Status ,Login Method
1,,000014531777,MAHARASHTRA STATE ELECTRICITY DISTRIBUTION COMPANY LIMITED,,,,,,Credentials Functional,User ID + Password
2,,000014531823,MAHARASHTRA STATE ELECTRICITY DISTRIBUTION COMPANY LIMITED,,,,,,Credentials Functional,User ID + Password
3,,000014531831,MAHARASHTRA STATE ELECTRICITY DISTRIBUTION COMPANY LIMITED,,,,,,Credentials Functional,User ID + Password
4,,000014531840,MAHARASHTRA STATE ELECTRICITY DISTRIBUTION COMPANY LIMITED,,,,,,Credentials Functional,User ID + Password
5,,000014531866,MAHARASHTRA STATE ELECTRICITY DISTRIBUTION COMPANY LIMITED,,,,,,Credentials Functional,User ID + Password
6,,000014531874,MAHARASHTRA STATE ELECTRICITY DISTRIBUTION COMPANY LIMITED,,,,,,Credentials Functional,User ID + Password
7,,000014531882,MAHARASHTRA STATE ELECTRICITY DISTRIBUTION COMPANY LIMITED,,,,,,Credentials Functional,User ID + Password
8,,00106075969,MADHYA GUJARAT VIJ COMPANY LIMITED,,,,,,Credentials Functional,User ID + Password
9,,020029056200,MAHARASHTRA STATE ELECTRICITY DISTRIBUTION COMPANY LIMITED,,,,,,Credentials Functional,User ID + Password
10,,021524867025,MAHARASHTRA STATE ELECTRICITY DISTRIBUTION COMPANY LIMITED,,,,,,Credentials Functional,User ID + Password
11,,049088308084,MAHARASHTRA STATE ELECTRICITY DISTRIBUTION COMPANY LIMITED,,,,,,Credentials Functional,User ID + Password
12,,052210004947,MAHARASHTRA STATE ELECTRICITY DISTRIBUTION COMPANY LIMITED,,,,,,Credentials Functional,User ID + Password
13,,082040417601,MAHARASHTRA STATE ELECTRICITY DISTRIBUTION COMPANY LIMITED,,,,,,Credentials Functional,User ID + Password
14,,091050011823,MAHARASHTRA STATE ELECTRICITY DISTRIBUTION COMPANY LIMITED,,,,,,Credentials Functional,User ID + Password
15,,091977608592,MAHARASHTRA STATE ELECTRICITY DISTRIBUTION COMPANY LIMITED,,,,,,Credentials Functional,User ID + Password
16,,1000149624,CHHATTISGARH STATE POWER DISTRIBUTION COMPANY LIMITED,,,,,,Credentials Functional,User ID + Password
17,,1002272052,CHHATTISGARH STATE POWER DISTRIBUTION COMPANY LIMITED,,,,,,Credentials Functional,User ID + Password
18,,100426302,TORRENT POWER LIMITED,,,,,,Credentials Functional,User ID + Password
19,,100934192,ADANI ELECTRICITY MUMBAI LIMITED,,,,,,Credentials Functional,User ID + Password
20,,110010048354,MAHARASHTRA STATE ELECTRICITY DISTRIBUTION COMPANY LIMITED,,,,,,Credentials Functional,User ID + Password
21,,11320048311,NORTH BIHAR POWER DISTRIBUTION COMPANY LIMITED,,,,,,Credentials Functional,User ID + Password
22,,113209431524,NORTH BIHAR POWER DISTRIBUTION COMPANY LIMITED,,,,,,Credentials Functional,User ID + Password
23,,113698883,SOUTHERN POWER DISTRIBUTION COMPANY OF TELANGANA LIMITED,,,,,,Credentials Functional,User ID + Password
24,,116636995710,MADHYA PRADESH MADHYA KSHETRA VIDYUT VITRAN COMPANY LIMITED,,,,,,Credentials Functional,User ID + Password
25,,119760305798,MAHARASHTRA STATE ELECTRICITY DISTRIBUTION COMPANY LIMITED,,,,,,Credentials Functional,User ID + Password
26,,12801/52605/3,DAKSHIN GUJARAT VIJ COMPANY LIMITED,,,,,,Credentials Functional,User ID + Password
27,,14066653634,TORRENT POWER LIMITED,,,,,,Credentials Functional,User ID + Password
28,,170144166054,MAHARASHTRA STATE ELECTRICITY DISTRIBUTION COMPANY LIMITED,,,,,,Credentials Functional,User ID + Password
29,,170145856666,MAHARASHTRA STATE ELECTRICITY DISTRIBUTION COMPANY LIMITED,,,,,,Credentials Functional,User ID + Password
30,,170250462258,MAHARASHTRA STATE ELECTRICITY DISTRIBUTION COMPANY LIMITED,,,,,,Credentials Functional,User ID + Password
31,,170524341606,MAHARASHTRA STATE ELECTRICITY DISTRIBUTION COMPANY LIMITED,,,,,,Credentials Functional,User ID + Password
32,,170524417700,MAHARASHTRA STATE ELECTRICITY DISTRIBUTION COMPANY LIMITED,,,,,,Credentials Functional,User ID + Password
33,,170524551783,MAHARASHTRA STATE ELECTRICITY DISTRIBUTION COMPANY LIMITED,,,,,,Credentials Functional,User ID + Password
34,,172050066962,MAHARASHTRA STATE ELECTRICITY DISTRIBUTION COMPANY LIMITED,,,,,,Credentials Functional,User ID + Password
35,,176980001751,MAHARASHTRA STATE ELECTRICITY DISTRIBUTION COMPANY LIMITED,,,,,,Credentials Functional,User ID + Password
36,,177524947312,MAHARASHTRA STATE ELECTRICITY DISTRIBUTION COMPANY LIMITED,,,,,,Credentials Functional,User ID + Password
37,,186540004834,MAHARASHTRA STATE ELECTRICITY DISTRIBUTION COMPANY LIMITED,,,,,,Credentials Functional,User ID + Password
38,,190560724369,MAHARASHTRA STATE ELECTRICITY DISTRIBUTION COMPANY LIMITED,,,,,,Credentials Not Working ,User ID + Password
39,,197220009988,MAHARASHTRA STATE ELECTRICITY DISTRIBUTION COMPANY LIMITED,,,,,,Credentials Not Working ,User ID + Password
40,,202-000-784*6,BRIHANMUMBAI ELECTRIC SUPPLY AND TRANSPORT,,,,,,Credentials Not Working ,User ID + Password
41,,202-001-975*7,BRIHANMUMBAI ELECTRIC SUPPLY AND TRANSPORT,,,,,,Credentials Not Working ,User ID + Password
42,,202-003-437*0,BRIHANMUMBAI ELECTRIC SUPPLY AND TRANSPORT,,,,,,Credentials Not Working ,User ID + Password
43,,202-009-012*9,BRIHANMUMBAI ELECTRIC SUPPLY AND TRANSPORT,,,,,,Credentials Not Working ,User ID + Password
44,,2077100,MANGALORE ELECTRICITY SUPPLY COMPANY LIMITED,,,,,,Credentials Not Working ,User ID + Password
45,,20939/10249/8,UTTAR GUJARAT VIJ COMPANY LIMITED,,,,,,Credentials Not Working ,User ID + Password
46,,210634016974,MAHARASHTRA STATE ELECTRICITY DISTRIBUTION COMPANY LIMITED,,,,,,Credentials Not Working ,User ID + Password
47,,2121226000636,SOUTHERN POWER DISTRIBUTION COMPANY OF ANDHRA PRADESH LIMITED,,,,,,Credentials Not Working ,User ID + Password
48,,227301741610,SOUTH BIHAR POWER DISTRIBUTION COMPANY LIMITED,,,,,,Credentials Not Working ,User ID + Password
49,,23236/10365/5,UTTAR GUJARAT VIJ COMPANY LIMITED,,,,,,Credentials Not Working ,User ID + Password
50,,244105982764,SOUTH BIHAR POWER DISTRIBUTION COMPANY LIMITED,,,,,,Credentials Not Working ,User ID + Password
51,,266510178947,MAHARASHTRA STATE ELECTRICITY DISTRIBUTION COMPANY LIMITED,,,,,,Credentials Not Working ,User ID + Password
52,,3005142194,PUNJAB STATE POWER CORPORATION LIMITED,,,,,,Credentials Not Working ,User ID + Password
53,,3005316245,PUNJAB STATE POWER CORPORATION LIMITED,,,,,,Credentials Not Working ,User ID + Password
54,,301120800663,MAHARASHTRA STATE ELECTRICITY DISTRIBUTION COMPANY LIMITED,,,,,,Credentials Not Working ,User ID + Password
55,,310074804399,MAHARASHTRA STATE ELECTRICITY DISTRIBUTION COMPANY LIMITED,,,,,,Credentials Not Working ,User ID + Password
56,,3189419922,CHAMUNDESHWARI ELECTRICITY SUPPLY CORPORATION LIMITED,,,,,,Credentials Not Working ,User ID + Password
57,,326670001167,MAHARASHTRA STATE ELECTRICITY DISTRIBUTION COMPANY LIMITED,,,,,,Credentials Not Working ,User ID + Password
58,,330243215102,MAHARASHTRA STATE ELECTRICITY DISTRIBUTION COMPANY LIMITED,,,,,,Credentials Not Working ,User ID + Password
59,,330247126651,MAHARASHTRA STATE ELECTRICITY DISTRIBUTION COMPANY LIMITED,,,,,,Credentials Not Working ,User ID + Password
60,,352921430136,MAHARASHTRA STATE ELECTRICITY DISTRIBUTION COMPANY LIMITED,,,,,,Credentials Not Working ,User ID + Password
61,,36105/00561/0,PASCHIM GUJARAT VIJ COMPANY LIMITED,,,,,,Credentials Not Working ,User ID + Password
62,,366474934068,MAHARASHTRA STATE ELECTRICITY DISTRIBUTION COMPANY LIMITED,,,,,,Credentials Not Working ,User ID + Password
63,,370018069565,MAHARASHTRA STATE ELECTRICITY DISTRIBUTION COMPANY LIMITED,,,,,,Credentials Not Working ,User ID + Password
64,,3711301001233,SOUTHERN POWER DISTRIBUTION COMPANY OF ANDHRA PRADESH LIMITED,,,,,,Credentials Not Working ,User ID + Password
65,,38418/10736/3,PASCHIM GUJARAT VIJ COMPANY LIMITED,,,,,,Credentials Not Working ,User ID + Password
66,,3952733,BANGALORE ELECTRICITY SUPPLY COMPANY LIMITED,,,,,,Credentials Not Working ,User ID + Password
67,,410032718730,MAHARASHTRA STATE ELECTRICITY DISTRIBUTION COMPANY LIMITED,,,,,,Credentials Not Working ,User ID + Password
68,,41802/02154/0,DAKSHIN GUJARAT VIJ COMPANY LIMITED,,,,,,Credentials Not Working ,User ID + Password
69,,420810323913,MAHARASHTRA STATE ELECTRICITY DISTRIBUTION COMPANY LIMITED,,,,,,Credentials Not Working ,User ID + Password
70,,430170001430,MAHARASHTRA STATE ELECTRICITY DISTRIBUTION COMPANY LIMITED,,,,,,Credentials Not Working ,User ID + Password
71,,439390003015,MAHARASHTRA STATE ELECTRICITY DISTRIBUTION COMPANY LIMITED,,,,,,Credentials Not Working ,User ID + Password
72,,4451781675,HUBLI ELECTRICITY SUPPLY COMPANY LIMITED,,,,,,Credentials Not Working ,User ID + Password
73,,450017596191,MAHARASHTRA STATE ELECTRICITY DISTRIBUTION COMPANY LIMITED,,,,,,Credentials Not Working ,User ID + Password
74,,450413507486,MAHARASHTRA STATE ELECTRICITY DISTRIBUTION COMPANY LIMITED,,,,,,Credentials Not Working ,User ID + Password
75,,490012091696,MAHARASHTRA STATE ELECTRICITY DISTRIBUTION COMPANY LIMITED,,,,,,Credentials Not Working ,User ID + Password
76,,490012322990,MAHARASHTRA STATE ELECTRICITY DISTRIBUTION COMPANY LIMITED,,,,,,Credentials Not Working ,User ID + Password
77,,490440005460,MAHARASHTRA STATE ELECTRICITY DISTRIBUTION COMPANY LIMITED,,,,,,Credentials Not Working ,User ID + Password
78,,4992811167,BANGALORE ELECTRICITY SUPPLY COMPANY LIMITED,,,,,,Credentials Not Working ,User ID + Password
79,,4993409,BANGALORE ELECTRICITY SUPPLY COMPANY LIMITED,,,,,,Credentials Not Working ,User ID + Password
80,,51810/00409/8,MADHYA GUJARAT VIJ COMPANY LIMITED,,,,,,Credentials Not Working ,User ID + Password
81,,534360001916,MAHARASHTRA STATE ELECTRICITY DISTRIBUTION COMPANY LIMITED,,,,,,Credentials Not Working ,User ID + Password
82,,537511166580,MAHARASHTRA STATE ELECTRICITY DISTRIBUTION COMPANY LIMITED,,,,,,Credentials Not Working ,User ID + Password
83,,539368014598,MAHARASHTRA STATE ELECTRICITY DISTRIBUTION COMPANY LIMITED,,,,,,Credentials Not Working ,User ID + Password
84,,550011197191,MAHARASHTRA STATE ELECTRICITY DISTRIBUTION COMPANY LIMITED,,,,,,Credentials Not Working ,User ID + Password
85,,5510802818,MANGALORE ELECTRICITY SUPPLY COMPANY LIMITED,,,,,,Credentials Not Working ,User ID + Password
86,,5545220000943,ANDHRA PRADESH SOUTHERN POWER DISTRIBUTION COMPANY LIMITED,,,,,,Credentials Not Working ,User ID + Password
87,,5560454164,CHAMUNDESHWARI ELECTRICITY SUPPLY CORPORATION LIMITED,,,,,,Credentials Not Working ,User ID + Password
88,,576017284745,MAHARASHTRA STATE ELECTRICITY DISTRIBUTION COMPANY LIMITED,,,,,,Credentials Not Working ,User ID + Password
89,,5833751381,BANGALORE ELECTRICITY SUPPLY COMPANY LIMITED,,,,,,Credentials Not Working ,User ID + Password
90,,590011003062,MAHARASHTRA STATE ELECTRICITY DISTRIBUTION COMPANY LIMITED,,,,,,Credentials Not Working ,User ID + Password
91,,60008141628,"ELECTRICITY DEPARTMENT, GOVERNMENT OF GOA",,,,,,Credentials Not Working ,User ID + Password
92,,76001166986,UTTAR GUJARAT VIJ COMPANY LIMITED,,,,,,Credentials Not Working ,User ID + Password
93,,76106380651,UTTAR GUJARAT VIJ COMPANY LIMITED,,,,,,Credentials Not Working ,User ID + Password
94,,77401015846,UTTAR GUJARAT VIJ COMPANY LIMITED,,,,,,Credentials Not Working ,User ID + Password
95,,81515/03585/9,PASCHIM GUJARAT VIJ COMPANY LIMITED,,,,,,Credentials Not Working ,User ID + Password
96,,83213/01332/3,PASCHIM GUJARAT VIJ COMPANY LIMITED,,,,,,Credentials Not Working ,User ID + Password
97,,85014051774,PASCHIM GUJARAT VIJ COMPANY LIMITED,,,,,,Credentials Not Working ,User ID + Password
98,,8653369291,CHAMUNDESHWARI ELECTRICITY SUPPLY CORPORATION LIMITED,,,,,,Credentials Not Working ,User ID + Password
99,,8884845016,HUBLI ELECTRICITY SUPPLY COMPANY LIMITED,,,,,,Credentials Not Working ,User ID + Password
100,,8987729116,BANGALORE ELECTRICITY SUPPLY COMPANY LIMITED,,,,,,Credentials Not Working ,User ID + Password
101,,9000 0006 5353,TATA POWER COMPANY LIMITED - DISTRIBUTION,,,,,,Credentials Not Working ,User ID + Password
102,,9000 0006 5388,TATA POWER COMPANY LIMITED - DISTRIBUTION,,,,,,Credentials Not Working ,User ID + Password
103,,9000 0010 2868,TATA POWER COMPANY LIMITED - DISTRIBUTION,,,,,,Credentials Not Working ,User ID + Password
104,,9000 0024 1421,TATA POWER COMPANY LIMITED - DISTRIBUTION,,,,,,Credentials Not Working ,User ID + Password
105,,9000 0078 4906,TATA POWER COMPANY LIMITED - DISTRIBUTION,,,,,,Credentials Not Working ,User ID + Password
106,,9000 0084 0655,TATA POWER COMPANY LIMITED - DISTRIBUTION,,,,,,Credentials Not Working ,User ID + Password
107,,9000 0090 5839,TATA POWER COMPANY LIMITED - DISTRIBUTION,,,,,,Credentials Not Working ,User ID + Password
108,,9000 0102 5680,TATA POWER COMPANY LIMITED - DISTRIBUTION,,,,,,Credentials Not Working ,User ID + Password
109,,9000 0102 5711,TATA POWER COMPANY LIMITED - DISTRIBUTION,,,,,,Credentials Not Working ,User ID + Password
110,,9000 0104 0400,TATA POWER COMPANY LIMITED - DISTRIBUTION,,,,,,Credentials Not Working ,User ID + Password
111,,900002440,WEST BENGAL STATE ELECTRICITY DISTRIBUTION COMPANY LIMITED,,,,,,Credentials Not Working ,User ID + Password
112,,9221824000,CHAMUNDESHWARI ELECTRICITY SUPPLY CORPORATION LIMITED,,,,,,Credentials Not Working ,User ID + Password
113,,949443010415,MAHARASHTRA STATE ELECTRICITY DISTRIBUTION COMPANY LIMITED,,,,,,Credentials Not Working ,User ID + Password
114,,C313462302,CHAMUNDESHWARI ELECTRICITY SUPPLY CORPORATION LIMITED,,,,,,Credentials Not Working ,User ID + Password
115,,HT-112,MANGALORE ELECTRICITY SUPPLY COMPANY LIMITED,,,,,,Credentials Not Working ,User ID + Password
116,,N1212004716,MADHYA PRADESH POORV KSHETRA VIDYUT VITRAN COMPANY LTD.,,,,,,Credentials Not Working ,User ID + Password
117,,N1320045175,MADHYA PRADESH POORV KSHETRA VIDYUT VITRAN COMPANY LTD.,,,,,,Credentials Not Working ,User ID + Password
118,,N1853006054,MADHYA PRADESH POORV KSHETRA VIDYUT VITRAN COMPANY LTD.,,,,,,Credentials Not Working ,User ID + Password
119,,N2411035978,MADHYA PRADESH MADHYA KSHETRA VIDYUT VITARAN COMPANY LIMITED,,,,,,Credentials Not Working ,User ID + Password
120,,N3263024612,MADHYA PRADESH PASCHIM KSHETRA VIDYUT VITRAN COMPANY LTD.,,,,,,Credentials Not Working ,User ID + Password
121,,N3853013637,MADHYA PRADESH PASCHIM KSHETRA VIDYUT VITRAN COMPANY LTD.,,,,,,Credentials Not Working ,User ID + Password
122,,N3967024556,MADHYA PRADESH PASCHIM KSHETRA VIDYUT VITRAN COMPANY LTD.,,,,,,Credentials Not Working ,User ID + Password
123,,N3974025069,MADHYA PRADESH PASCHIM KSHETRA VIDYUT VITRAN COMPANY LTD.,,,,,,Credentials Not Working ,User ID + Password
124,,N3974031013,MADHYA PRADESH PASCHIM KSHETRA VIDYUT VITRAN COMPANY LTD.,,,,,,Credentials Not Working ,User ID + Password
125,,P28GC280036Y,PUNJAB STATE POWER CORPORATION LIMITED,,,,,,Credentials Not Working ,User ID + Password
126,,,,,,,,,Credentials Not Working ,User ID + Password
127,,,,,,,,,Credentials Not Working ,User ID + Password
128,,,,,,,,,Credentials Not Working ,User ID + Password
129,,,,,,,,,Credentials Not Working ,User ID + Password
130,,,,,,,,,Credentials Not Working ,User ID + Password
131,,,,,,,,,Credentials Not Working ,User ID + Password
132,,,,,,,,,Credentials Not Working ,User ID + Password
133,,,,,,,,,Credentials Not Working ,User ID + Password
134,,,,,,,,,Credentials Not Working ,User ID + Password
135,,,,,,,,,Credentials Not Working ,User ID + Password
136,,,,,,,,,Credentials Not Working ,User ID + Password
137,,,,,,,,,Credentials Not Working ,User ID + Password
138,,,,,,,,,Credentials Not Working ,User ID + Password
139,,,,,,,,,Credentials Not Working ,User ID + Password
140,,,,,,,,,Credentials Not Working ,User ID + Password
141,,,,,,,,,Credentials Not Working ,User ID + Password
142,,,,,,,,,Credentials Not Working ,User ID + Password
143,,,,,,,,,Credentials Not Working ,User ID + Password
144,,,,,,,,,Credentials Not Working ,User ID + Password
145,,,,,,,,,Credentials Not Working ,User ID + Password
146,,,,,,,,,Credentials Not Working ,User ID + Password
147,,,,,,,,,Credentials Not Working ,User ID + Password
148,,,,,,,,,Credentials Not Working ,User ID + Password
149,,,,,,,,,Credentials Not Working ,User ID + Password
150,,,,,,,,,Credentials Not Working ,User ID + Password
151,,,,,,,,,Credentials Not Working ,User ID + Password
152,,,,,,,,,Credentials Not Working ,User ID + Password
153,,,,,,,,,Credentials Not Working ,User ID + Password
154,,,,,,,,,Credentials Not Working ,User ID + Password
155,,,,,,,,,Credentials Not Working ,User ID + Password
156,,,,,,,,,Credentials Not Working ,User ID + Password
157,,,,,,,,,Credentials Not Working ,User ID + Password
158,,,,,,,,,Credentials Not Working ,User ID + Password
159,,,,,,,,,Credentials Not Working ,User ID + Password
160,,,,,,,,,Credentials Not Working ,User ID + Password
161,,,,,,,,,Credentials Not Working ,User ID + Password
162,,,,,,,,,Credentials Not Working ,User ID + Password
163,,,,,,,,,Credentials Not Working ,User ID + Password
164,,,,,,,,,Credentials Not Working ,User ID + Password
165,,,,,,,,,Credentials Not Working ,User ID + Password
166,,,,,,,,,Credentials Not Working ,User ID + Password
167,,,,,,,,,Credentials Not Working ,User ID + Password
168,,,,,,,,,Credentials Not Working ,User ID + Password
169,,,,,,,,,Credentials Not Working ,User ID + Password
170,,,,,,,,,Credentials Not Working ,User ID + Password
171,,,,,,,,,Credentials Not Working ,User ID + Password
172,,,,,,,,,Credentials Not Working ,User ID + Password
173,,,,,,,,,Credentials Not Working ,User ID + Password
174,,,,,,,,,Credentials Not Working ,User ID + Password
175,,,,,,,,,Credentials Not Working ,User ID + Password
176,,,,,,,,,Credentials Not Working ,User ID + Password
177,,,,,,,,,Credentials Not Working ,User ID + Password
178,,,,,,,,,Credentials Not Working ,User ID + Password
179,,,,,,,,,Credentials Not Working ,User ID + Password
180,,,,,,,,,Credentials Not Working ,User ID + Password
181,,,,,,,,,Credentials Not Working ,User ID + Password
182,,,,,,,,,Credentials Not Working ,User ID + Password
183,,,,,,,,,Credentials Not Working ,User ID + Password
184,,,,,,,,,Credentials Not Working ,User ID + Password
185,,,,,,,,,Credentials Not Working ,User ID + Password
186,,,,,,,,,Credentials Not Working ,User ID + Password
187,,,,,,,,,Credentials Not Working ,User ID + Password
188,,,,,,,,,Credentials Not Working ,User ID + Password
189,,,,,,,,,Credentials Not Working ,User ID + Password
190,,,,,,,,,Credentials Not Working ,User ID + Password
191,,,,,,,,,Credentials Not Working ,User ID + Password
192,,,,,,,,,Credentials Not Working ,User ID + Password
193,,,,,,,,,Credentials Not Working ,User ID + Password
194,,,,,,,,,Credentials Not Working ,User ID + Password
195,,,,,,,,,Credentials Not Working ,User ID + Password
196,,,,,,,,,Credentials Not Working ,User ID + Password
197,,,,,,,,,Credentials Not Working ,User ID + Password
198,,,,,,,,,Credentials Not Working ,User ID + Password
199,,,,,,,,,Credentials Not Working ,User ID + Password
200,,,,,,,,,Credentials Not Working ,User ID + Password
201,,,,,,,,,Credentials Not Working ,User ID + Password
202,,,,,,,,,Credentials Not Working ,User ID + Password
203,,,,,,,,,Credentials Not Working ,User ID + Password
204,,,,,,,,,Credentials Not Working ,User ID + Password
205,,,,,,,,,Credentials Not Working ,User ID + Password
206,,,,,,,,,Credentials Not Working ,User ID + Password
207,,,,,,,,,Credentials Not Working ,User ID + Password
208,,,,,,,,,Credentials Not Working ,User ID + Password
209,,,,,,,,,Credentials Not Working ,User ID + Password
210,,,,,,,,,Credentials Not Working ,User ID + Password
211,,,,,,,,,Credentials Not Working ,User ID + Password
212,,,,,,,,,Credentials Not Working ,User ID + Password
213,,,,,,,,,Credentials Not Working ,User ID + Password
214,,,,,,,,,Credentials Not Working ,User ID + Password
215,,,,,,,,,Credentials Not Working ,User ID + Password
216,,,,,,,,,Credentials Not Working ,User ID + Password
217,,,,,,,,,Credentials Functional,User ID + Password
218,,,,,,,,,Credentials Functional,User ID + Password
219,,,,,,,,,Credentials Functional,User ID + Password
220,,,,,,,,,Credentials Functional,User ID + Password
221,,,,,,,,,Credentials Functional,User ID + Password
222,,,,,,,,,Credentials Functional,User ID + Password
223,,,,,,,,,Credentials Functional,User ID + Password
224,,,,,,,,,Credentials Functional,User ID + Password
225,,,,,,,,,Credentials Functional,User ID + Password
226,,,,,,,,,Credentials Functional,User ID + Password
227,,,,,,,,,Credentials Functional,User ID + Password
228,,,,,,,,,Credentials Functional,User ID + Password
229,,,,,,,,,Credentials Functional,User ID + Password
230,,,,,,,,,Credentials Functional,User ID + Password
231,,,,,,,,,Credentials Functional,User ID + Password
232,,,,,,,,,Credentials Functional,User ID + Password
233,,,,,,,,,Credentials Functional,User ID + Password
234,,,,,,,,,Credentials Functional,User ID + Password
235,,,,,,,,,Credentials Functional,User ID + Password
236,,,,,,,,,Credentials Functional,User ID + Password
237,,,,,,,,,Credentials Functional,User ID + Password
238,,,,,,,,,Credentials Functional,User ID + Password
239,,,,,,,,,Credentials Functional,User ID + Password
240,,,,,,,,,Credentials Functional,User ID + Password
241,,,,,,,,,Credentials Functional,User ID + Password
242,,,,,,,,,Credentials Functional,User ID + Password
243,,,,,,,,,Credentials Functional,User ID + Password
244,,,,,,,,,Credentials Functional,User ID + Password
245,,,,,,,,,Credentials Functional,User ID + Password
246,,,,,,,,,Credentials Functional,User ID + Password
247,,,,,,,,,Credentials Functional,User ID + Password
248,,,,,,,,,Credentials Functional,User ID + Password
249,,,,,,,,,Credentials Functional,User ID + Password
250,,,,,,,,,Credentials Functional,User ID + Password
251,,,,,,,,,Credentials Functional,User ID + Password
252,,,,,,,,,Credentials Functional,User ID + Password
253,,,,,,,,,Credentials Functional,User ID + Password
254,,,,,,,,,Credentials Functional,User ID + Password
255,,,,,,,,,Credentials Functional,User ID + Password
256,,,,,,,,,Credentials Functional,User ID + Password
257,,,,,,,,,Credentials Functional,User ID + Password
258,,,,,,,,,Credentials Functional,User ID + Password
259,,,,,,,,,Credentials Functional,User ID + Password
260,,,,,,,,,Credentials Functional,User ID + Password
261,,,,,,,,,Credentials Functional,User ID + Password
262,,,,,,,,,Credentials Functional,User ID + Password
263,,,,,,,,,Credentials Functional,User ID + Password
264,,,,,,,,,Credentials Functional,User ID + Password
265,,,,,,,,,Credentials Functional,User ID + Password
266,,,,,,,,,Credentials Functional,User ID + Password
267,,,,,,,,,Credentials Functional,User ID + Password
268,,,,,,,,,Credentials Functional,User ID + Password
269,,,,,,,,,Credentials Functional,User ID + Password
270,,,,,,,,,Credentials Functional,User ID + Password
271,,,,,,,,,Credentials Functional,User ID + Password
272,,,,,,,,,Credentials Functional,User ID + Password
273,,,,,,,,,Credentials Functional,User ID + Password
274,,,,,,,,,Credentials Functional,User ID + Password
275,,,,,,,,,Credentials Functional,User ID + Password
276,,,,,,,,,Credentials Functional,User ID + Password
277,,,,,,,,,Credentials Functional,User ID + Password
278,,,,,,,,,Credentials Functional,User ID + Password
279,,,,,,,,,Credentials Functional,User ID + Password
280,,,,,,,,,Credentials Functional,User ID + Password
281,,,,,,,,,Credentials Functional,User ID + Password
282,,,,,,,,,Credentials Functional,User ID + Password
283,,,,,,,,,Credentials Functional,User ID + Password
284,,,,,,,,,Credentials Functional,User ID + Password
285,,,,,,,,,Credentials Functional,User ID + Password
286,,,,,,,,,Credentials Functional,User ID + Password
287,,,,,,,,,Credentials Functional,User ID + Password
288,,,,,,,,,Credentials Functional,User ID + Password
289,,,,,,,,,Credentials Functional,User ID + Password
290,,,,,,,,,Credentials Functional,User ID + Password
291,,,,,,,,,Credentials Functional,User ID + Password
292,,,,,,,,,Credentials Functional,User ID + Password
293,,,,,,,,,Credentials Functional,User ID + Password
294,,,,,,,,,Credentials Functional,User ID + Password
295,,,,,,,,,Credentials Functional,User ID + Password
296,,,,,,,,,Credentials Functional,User ID + Password
297,,,,,,,,,Credentials Functional,User ID + Password
298,,,,,,,,,Credentials Functional,User ID + Password
299,,,,,,,,,Credentials Functional,User ID + Password
300,,,,,,,,,Credentials Functional,User ID + Password
301,,,,,,,,,Credentials Functional,User ID + Password
302,,,,,,,,,Credentials Functional,User ID + Password
303,,,,,,,,,Credentials Functional,User ID + Password
304,,,,,,,,,Credentials Functional,User ID + Password
305,,,,,,,,,Credentials Functional,User ID + Password
306,,,,,,,,,Credentials Functional,User ID + Password
307,,,,,,,,,Credentials Functional,User ID + Password
308,,,,,,,,,Credentials Functional,User ID + Password
309,,,,,,,,,Credentials Functional,User ID + Password
310,,,,,,,,,Credentials Functional,User ID + Password
311,,,,,,,,,Credentials Functional,User ID + Password
312,,,,,,,,,Credentials Functional,User ID + Password
313,,,,,,,,,Credentials Functional,User ID + Password
314,,,,,,,,,Credentials Functional,User ID + Password
315,,,,,,,,,Credentials Functional,User ID + Password
316,,,,,,,,,Credentials Functional,User ID + Password
317,,,,,,,,,Credentials Functional,User ID + Password
318,,,,,,,,,Credentials Functional,User ID + Password
319,,,,,,,,,Credentials Functional,User ID + Password
320,,,,,,,,,Credentials Functional,User ID + Password
321,,,,,,,,,Credentials Functional,User ID + Password
322,,,,,,,,,Credentials Functional,User ID + Password
323,,,,,,,,,Credentials Functional,User ID + Password
324,,,,,,,,,Credentials Functional,User ID + Password
325,,,,,,,,,Credentials Functional,User ID + Password
326,,,,,,,,,Credentials Functional,User ID + Password
327,,,,,,,,,Credentials Functional,User ID + Password
328,,,,,,,,,Credentials Functional,User ID + Password
329,,,,,,,,,Credentials Functional,User ID + Password
330,,,,,,,,,Credentials Functional,User ID + Password
331,,,,,,,,,Credentials Functional,User ID + Password
332,,,,,,,,,Credentials Functional,User ID + Password
333,,,,,,,,,Credentials Functional,User ID + Password
334,,,,,,,,,Credentials Functional,User ID + Password
335,,,,,,,,,Credentials Functional,User ID + Password
336,,,,,,,,,Credentials Functional,User ID + Password
337,,,,,,,,,Credentials Functional,User ID + Password
338,,,,,,,,,Credentials Functional,User ID + Password
339,,,,,,,,,Credentials Functional,User ID + Password
340,,,,,,,,,Credentials Functional,User ID + Password
341,,,,,,,,,Credentials Functional,User ID + Password
342,,,,,,,,,Credentials Functional,User ID + Password
343,,,,,,,,,Credentials Functional,User ID + Password
344,,,,,,,,,Credentials Functional,User ID + Password
345,,,,,,,,,Credentials Functional,User ID + Password
346,,,,,,,,,Credentials Functional,User ID + Password
347,,,,,,,,,Credentials Functional,User ID + Password
348,,,,,,,,,Credentials Functional,User ID + Password
349,,,,,,,,,Credentials Functional,User ID + Password
350,,,,,,,,,Credentials Functional,User ID + Password
351,,,,,,,,,Credentials Functional,User ID + Password
352,,,,,,,,,Credentials Functional,User ID + Password
353,,,,,,,,,Credentials Functional,User ID + Password
354,,,,,,,,,Credentials Functional,User ID + Password
355,,,,,,,,,Credentials Functional,User ID + Password
356,,,,,,,,,Credentials Functional,User ID + Password
357,,,,,,,,,Credentials Functional,User ID + Password
358,,,,,,,,,Credentials Functional,User ID + Password
359,,,,,,,,,Credentials Functional,User ID + Password
360,,,,,,,,,Credentials Functional,User ID + Password
361,,,,,,,,,Credentials Functional,User ID + Password
362,,,,,,,,,Credentials Functional,User ID + Password
363,,,,,,,,,Credentials Functional,User ID + Password
364,,,,,,,,,Credentials Functional,User ID + Password
365,,,,,,,,,Credentials Functional,User ID + Password
366,,,,,,,,,Credentials Functional,User ID + Password
367,,,,,,,,,Credentials Functional,User ID + Password
368,,,,,,,,,Credentials Functional,User ID + Password
369,,,,,,,,,Credentials Functional,User ID + Password
370,,,,,,,,,Credentials Functional,User ID + Password
371,,,,,,,,,Credentials Functional,User ID + Password
372,,,,,,,,,Credentials Functional,User ID + Password
373,,,,,,,,,Credentials Functional,User ID + Password
374,,,,,,,,,Credentials Functional,User ID + Password
375,,,,,,,,,Credentials Functional,User ID + Password
376,,,,,,,,,Credentials Functional,User ID + Password
377,,,,,,,,,Credentials Functional,User ID + Password
378,,,,,,,,,Credentials Functional,User ID + Password
379,,,,,,,,,Credentials Functional,User ID + Password
380,,,,,,,,,Credentials Functional,User ID + Password
381,,,,,,,,,Credentials Functional,User ID + Password
382,,,,,,,,,Credentials Functional,User ID + Password
383,,,,,,,,,Credentials Functional,User ID + Password
384,,,,,,,,,Credentials Functional,User ID + Password
385,,,,,,,,,Credentials Functional,User ID + Password
386,,,,,,,,,Credentials Functional,User ID + Password
387,,,,,,,,,Credentials Functional,User ID + Password
388,,,,,,,,,Credentials Functional,User ID + Password
389,,,,,,,,,Credentials Functional,User ID + Password
390,,,,,,,,,Credentials Functional,User ID + Password
391,,,,,,,,,Credentials Functional,User ID + Password
392,,,,,,,,,Credentials Functional,User ID + Password
393,,,,,,,,,Credentials Functional,User ID + Password
394,,,,,,,,,Credentials Functional,User ID + Password
395,,,,,,,,,Credentials Functional,User ID + Password
396,,,,,,,,,Credentials Functional,User ID + Password
397,,,,,,,,,Credentials Functional,User ID + Password
398,,,,,,,,,Credentials Functional,User ID + Password
399,,,,,,,,,Credentials Functional,User ID + Password
400,,,,,,,,,Credentials Functional,User ID + Password
401,,,,,,,,,Credentials Functional,User ID + Password
402,,,,,,,,,Credentials Functional,User ID + Password
403,,,,,,,,,Credentials Functional,User ID + Password
404,,,,,,,,,Credentials Functional,User ID + Password
405,,,,,,,,,Credentials Functional,User ID + Password
406,,,,,,,,,Credentials Functional,User ID + Password
407,,,,,,,,,Credentials Functional,User ID + Password
408,,,,,,,,,Credentials Functional,User ID + Password
409,,,,,,,,,Credentials Functional,User ID + Password
410,,,,,,,,,Credentials Functional,User ID + Password
411,,,,,,,,,Credentials Functional,User ID + Password
412,,,,,,,,,Credentials Functional,User ID + Password
413,,,,,,,,,Credentials Functional,User ID + Password
414,,,,,,,,,Credentials Functional,User ID + Password
415,,,,,,,,,Credentials Functional,User ID + Password
416,,,,,,,,,Credentials Functional,User ID + Password
417,,,,,,,,,Credentials Functional,User ID + Password
418,,,,,,,,,Credentials Functional,User ID + Password
419,,,,,,,,,Credentials Functional,User ID + Password
420,,,,,,,,,Credentials Functional,User ID + Password
421,,,,,,,,,Credentials Functional,User ID + Password
422,,,,,,,,,Credentials Functional,User ID + Password
423,,,,,,,,,Credentials Functional,User ID + Password
424,,,,,,,,,Credentials Functional,User ID + Password
425,,,,,,,,,Credentials Functional,User ID + Password
426,,,,,,,,,Credentials Functional,User ID + Password
427,,,,,,,,,Credentials Functional,User ID + Password
428,,,,,,,,,Credentials Functional,User ID + Password
429,,,,,,,,,Credentials Functional,User ID + Password
430,,,,,,,,,Credentials Functional,User ID + Password
431,,,,,,,,,Credentials Functional,User ID + Password
432,,,,,,,,,Credentials Functional,User ID + Password
433,,,,,,,,,Credentials Functional,User ID + Password
434,,,,,,,,,Credentials Functional,User ID + Password
435,,,,,,,,,Credentials Functional,User ID + Password
436,,,,,,,,,Credentials Functional,User ID + Password
437,,,,,,,,,Credentials Functional,User ID + Password
438,,,,,,,,,Credentials Functional,User ID + Password
439,,,,,,,,,Credentials Functional,User ID + Password
440,,,,,,,,,Credentials Functional,User ID + Password
441,,,,,,,,,Credentials Functional,User ID + Password
442,,,,,,,,,Credentials Functional,User ID + Password
443,,,,,,,,,Credentials Functional,User ID + Password
444,,,,,,,,,Credentials Functional,User ID + Password
445,,,,,,,,,Credentials Functional,User ID + Password
446,,,,,,,,,Credentials Functional,User ID + Password
447,,,,,,,,,Credentials Functional,User ID + Password
448,,,,,,,,,Credentials Functional,User ID + Password
449,,,,,,,,,Credentials Functional,User ID + Password
450,,,,,,,,,Credentials Functional,User ID + Password
451,,,,,,,,,Credentials Functional,User ID + Password
452,,,,,,,,,Credentials Functional,User ID + Password
453,,,,,,,,,Credentials Functional,User ID + Password
454,,,,,,,,,Credentials Functional,User ID + Password
455,,,,,,,,,Credentials Functional,User ID + Password
456,,,,,,,,,Credentials Functional,User ID + Password
457,,,,,,,,,Credentials Functional,User ID + Password
458,,,,,,,,,Credentials Functional,User ID + Password
459,,,,,,,,,Credentials Functional,User ID + Password
460,,,,,,,,,Credentials Functional,User ID + Password
461,,,,,,,,,Credentials Functional,User ID + Password
462,,,,,,,,,Credentials Functional,User ID + Password
463,,,,,,,,,Credentials Functional,User ID + Password
464,,,,,,,,,Credentials Functional,User ID + Password
465,,,,,,,,,Credentials Functional,User ID + Password
466,,,,,,,,,Credentials Functional,User ID + Password
467,,,,,,,,,Credentials Functional,User ID + Password
468,,,,,,,,,Credentials Functional,User ID + Password
469,,,,,,,,,Credentials Functional,User ID + Password
470,,,,,,,,,Credentials Functional,User ID + Password
471,,,,,,,,,Credentials Functional,User ID + Password
472,,,,,,,,,Credentials Functional,User ID + Password
473,,,,,,,,,Credentials Functional,User ID + Password
474,,,,,,,,,Credentials Functional,User ID + Password
475,,,,,,,,,Credentials Functional,User ID + Password
476,,,,,,,,,Credentials Functional,User ID + Password
477,,,,,,,,,Credentials Functional,User ID + Password
478,,,,,,,,,Credentials Functional,User ID + Password
479,,,,,,,,,Credentials Functional,User ID + Password
480,,,,,,,,,Credentials Functional,User ID + Password
481,,,,,,,,,Credentials Functional,User ID + Password
482,,,,,,,,,Credentials Functional,User ID + Password
483,,,,,,,,,Credentials Functional,User ID + Password
484,,,,,,,,,Credentials Functional,User ID + Password
485,,,,,,,,,Credentials Functional,User ID + Password
486,,,,,,,,,Credentials Functional,User ID + Password
487,,,,,,,,,Credentials Functional,User ID + Password
488,,,,,,,,,Credentials Functional,User ID + Password
489,,,,,,,,,Credentials Functional,User ID + Password
490,,,,,,,,,Credentials Functional,User ID + Password
491,,,,,,,,,Credentials Functional,User ID + Password
492,,,,,,,,,Credentials Functional,User ID + Password
493,,,,,,,,,Credentials Functional,User ID + Password
494,,,,,,,,,Credentials Functional,User ID + Password
495,,,,,,,,,Credentials Functional,User ID + Password
496,,,,,,,,,Credentials Functional,User ID + Password
497,,,,,,,,,Credentials Functional,User ID + Password
498,,,,,,,,,Credentials Functional,User ID + Password
499,,,,,,,,,Credentials Functional,User ID + Password
500,,,,,,,,,Credentials Functional,User ID + Password
501,,,,,,,,,Credentials Functional,User ID + Password
502,,,,,,,,,Credentials Functional,User ID + Password
503,,,,,,,,,Credentials Functional,User ID + Password
504,,,,,,,,,Credentials Functional,User ID + Password
505,,,,,,,,,Credentials Functional,User ID + Password
506,,,,,,,,,Credentials Functional,User ID + Password
507,,,,,,,,,Credentials Functional,User ID + Password
508,,,,,,,,,Credentials Functional,User ID + Password
509,,,,,,,,,Credentials Functional,User ID + Password
510,,,,,,,,,Credentials Functional,User ID + Password
511,,,,,,,,,Credentials Functional,User ID + Password
512,,,,,,,,,Credentials Functional,User ID + Password
513,,,,,,,,,Credentials Functional,User ID + Password
514,,,,,,,,,Credentials Functional,User ID + Password
515,,,,,,,,,Credentials Functional,User ID + Password
516,,,,,,,,,Credentials Functional,User ID + Password
517,,,,,,,,,Credentials Functional,User ID + Password
518,,,,,,,,,Credentials Functional,User ID + Password
519,,,,,,,,,Credentials Functional,User ID + Password
520,,,,,,,,,Credentials Functional,User ID + Password
521,,,,,,,,,Credentials Functional,User ID + Password
522,,,,,,,,,Credentials Functional,User ID + Password
523,,,,,,,,,Credentials Functional,User ID + Password
524,,,,,,,,,Credentials Functional,User ID + Password
525,,,,,,,,,Credentials Functional,User ID + Password
526,,,,,,,,,Credentials Functional,User ID + Password
527,,,,,,,,,Credentials Functional,User ID + Password
528,,,,,,,,,Credentials Functional,User ID + Password
529,,,,,,,,,Credentials Functional,User ID + Password
530,,,,,,,,,Credentials Functional,User ID + Password
531,,,,,,,,,Credentials Functional,User ID + Password
532,,,,,,,,,Credentials Functional,User ID + Password
533,,,,,,,,,Credentials Functional,User ID + Password
534,,,,,,,,,Credentials Functional,User ID + Password
535,,,,,,,,,Credentials Functional,User ID + Password
536,,,,,,,,,Credentials Functional,User ID + Password
537,,,,,,,,,Credentials Functional,User ID + Password
538,,,,,,,,,Credentials Functional,User ID + Password
539,,,,,,,,,Credentials Functional,User ID + Password
540,,,,,,,,,Credentials Functional,User ID + Password
541,,,,,,,,,Credentials Functional,User ID + Password
542,,,,,,,,,Credentials Functional,User ID + Password
543,,,,,,,,,Credentials Functional,User ID + Password
544,,,,,,,,,Credentials Functional,User ID + Password
545,,,,,,,,,Credentials Functional,User ID + Password
546,,,,,,,,,Credentials Functional,User ID + Password
547,,,,,,,,,Credentials Functional,User ID + Password
548,,,,,,,,,Credentials Functional,User ID + Password
549,,,,,,,,,Credentials Functional,User ID + Password
550,,,,,,,,,Credentials Functional,User ID + Password
551,,,,,,,,,Credentials Functional,User ID + Password
552,,,,,,,,,Credentials Functional,User ID + Password
553,,,,,,,,,Credentials Functional,User ID + Password
554,,,,,,,,,Credentials Functional,User ID + Password
555,,,,,,,,,Credentials Functional,User ID + Password
556,,,,,,,,,Credentials Not Required,CA No.
557,,,,,,,,,Credentials Not Required,CA No.
558,,,,,,,,,Credentials Not Required,CA No.
559,,,,,,,,,Credentials Not Required,CA No.
560,,,,,,,,,Credentials Not Required,CA No.
561,,,,,,,,,Credentials Not Required,CA No.
562,,,,,,,,,Credentials Not Required,CA No.
563,,,,,,,,,Credentials Not Required,CA No.
564,,,,,,,,,Credentials Functional,User ID + Password
565,,,,,,,,,Credentials Functional,User ID + Password
566,,,,,,,,,Credentials Functional,User ID + Password
567,,,,,,,,,Credentials Functional,User ID + Password
568,,,,,,,,,Credentials Functional,User ID + Password
569,,,,,,,,,Credentials Functional,User ID + Password
570,,,,,,,,,Credentials Functional,User ID + Password
571,,,,,,,,,Credentials Functional,User ID + Password
572,,,,,,,,,Credentials Functional,User ID + Password
573,,,,,,,,,Credentials Functional,User ID + Password
574,,,,,,,,,Credentials Functional,User ID + Password
575,,,,,,,,,Credentials Functional,User ID + Password
576,,,,,,,,,Credentials Functional,User ID + Password
577,,,,,,,,,Credentials Functional,User ID + Password
578,,,,,,,,,Credentials Functional,User ID + Password
579,,,,,,,,,Credentials Functional,User ID + Password
580,,,,,,,,,Credentials Functional,User ID + Password
581,,,,,,,,,Credentials Functional,User ID + Password
582,,,,,,,,,Credentials Functional,User ID + Password
583,,,,,,,,,Credentials Functional,User ID + Password
584,,,,,,,,,Credentials Functional,User ID + Password
585,,,,,,,,,Credentials Not Required,CA No.
586,,,,,,,,,Credentials Functional,User ID + Password
587,,,,,,,,,Credentials Functional,User ID + Password
588,,,,,,,,,Credentials Functional,User ID + Password
589,,,,,,,,,Credentials Functional,User ID + Password
590,,,,,,,,,Credentials Functional,User ID + Password
591,,,,,,,,,Credentials Functional,User ID + Password
592,,,,,,,,,Credentials Functional,User ID + Password
593,,,,,,,,,Credentials Functional,User ID + Password
594,,,,,,,,,Credentials Functional,User ID + Password
595,,,,,,,,,Credentials Functional,User ID + Password
596,,,,,,,,,Credentials Functional,User ID + Password
597,,,,,,,,,Credentials Functional,User ID + Password
598,,,,,,,,,Credentials Functional,User ID + Password
599,,,,,,,,,Credentials Functional,User ID + Password
600,,,,,,,,,Credentials Functional,User ID + Password
601,,,,,,,,,Credentials Functional,User ID + Password
602,,,,,,,,,Credentials Functional,User ID + Password
603,,,,,,,,,Credentials Functional,User ID + Password
604,,,,,,,,,Credentials Functional,User ID + Password
605,,,,,,,,,Credentials Functional,User ID + Password
606,,,,,,,,,Credentials Functional,User ID + Password
607,,,,,,,,,Credentials Functional,User ID + Password
608,,,,,,,,,Credentials Functional,User ID + Password
609,,,,,,,,,Credentials Functional,User ID + Password
610,,,,,,,,,Credentials Functional,User ID + Password
611,,,,,,,,,Credentials Functional,User ID + Password
612,,,,,,,,,Credentials Functional,User ID + Password
613,,,,,,,,,Credentials Functional,User ID + Password
614,,,,,,,,,Credentials Functional,User ID + Password
615,,,,,,,,,Credentials Functional,User ID + Password
616,,,,,,,,,Credentials Functional,User ID + Password
617,,,,,,,,,Credentials Functional,User ID + Password
618,,,,,,,,,Credentials Functional,User ID + Password
619,,,,,,,,,Credentials Functional,User ID + Password
620,,,,,,,,,Credentials Functional,User ID + Password
621,,,,,,,,,Credentials Functional,User ID + Password
622,,,,,,,,,Credentials Functional,User ID + Password
623,,,,,,,,,Credentials Functional,User ID + Password
624,,,,,,,,,Credentials Functional,User ID + Password
625,,,,,,,,,Credentials Functional,User ID + Password
626,,,,,,,,,Credentials Functional,User ID + Password
627,,,,,,,,,Credentials Functional,User ID + Password
628,,,,,,,,,Credentials Functional,User ID + Password
629,,,,,,,,,Credentials Functional,CA No.
630,,,,,,,,,Credentials Functional,User ID + Password
631,,,,,,,,,Credentials Functional,User ID + Password
632,,,,,,,,,Credentials Functional,User ID + Password
633,,,,,,,,,Credentials Functional,User ID + Password
634,,,,,,,,,Credentials Functional,User ID + Password
635,,,,,,,,,Credentials Functional,User ID + Password
636,,,,,,,,,Credentials Functional,User ID + Password
637,,,,,,,,,Credentials Functional,User ID + Password
638,,,,,,,,,Credentials Functional,User ID + Password
639,,,,,,,,,Credentials Functional,User ID + Password
640,,,,,,,,,Credentials Functional,User ID + Password
641,,,,,,,,,Credentials Functional,User ID + Password
642,,,,,,,,,Credentials Functional,User ID + Password
643,,,,,,,,,Credentials Functional,User ID + Password
644,,,,,,,,,Credentials Functional,User ID + Password
645,,,,,,,,,Credentials Functional,User ID + Password
646,,,,,,,,,Credentials Not Required,CA No.
647,,,,,,,,,Credentials Functional,User ID + Password
648,,,,,,,,,Credentials Functional,User ID + Password
649,,,,,,,,,Credentials Functional,User ID + Password
650,,,,,,,,,Credentials Functional,User ID + Password
651,,,,,,,,,Credentials Functional,User ID + Password
652,,,,,,,,,Credentials Functional,User ID + Password
653,,,,,,,,,Credentials Functional,User ID + Password
654,,,,,,,,,Credentials Functional,User ID + Password
655,,,,,,,,,Credentials Functional,User ID + Password
656,,,,,,,,,Credentials Not Working ,User ID + Password
657,,,,,,,,,Credentials Not Working ,User ID + Password
658,,,,,,,,,Credentials Functional,User ID + Password
659,,,,,,,,,Credentials Functional,User ID + Password
660,,,,,,,,,Credentials Functional,User ID + Password
661,,,,,,,,,Credentials Functional,User ID + Password
662,,,,,,,,,Credentials Functional,User ID + Password
663,,,,,,,,,Credentials Functional,User ID + Password
664,,,,,,,,,Credentials Functional,User ID + Password
665,,,,,,,,,Credentials Functional,User ID + Password
666,,,,,,,,,Credentials Functional,User ID + Password
667,,,,,,,,,Credentials Functional,User ID + Password
668,,,,,,,,,Credentials Functional,User ID + Password
669,,,,,,,,,Credentials Functional,User ID + Password
670,,,,,,,,,Credentials Functional,User ID + Password
671,,,,,,,,,Credentials Functional,User ID + Password
672,,,,,,,,,Credentials Functional,User ID + Password
673,,,,,,,,,Credentials Functional,User ID + Password
674,,,,,,,,,Credentials Functional,User ID + Password
675,,,,,,,,,Credentials Functional,User ID + Password
676,,,,,,,,,Credentials Functional,User ID + Password
677,,,,,,,,,Credentials Functional,User ID + Password
678,,,,,,,,,Credentials Functional,User ID + Password
679,,,,,,,,,Credentials Functional,User ID + Password
680,,,,,,,,,Credentials Functional,User ID + Password
681,,,,,,,,,Credentials Functional,User ID + Password
682,,,,,,,,,Credentials Functional,User ID + Password
683,,,,,,,,,Credentials Not Required,CA No.
684,,,,,,,,,Credentials Functional,User ID + Password
685,,,,,,,,,Credentials Functional,User ID + Password
686,,,,,,,,,Credentials Functional,User ID + Password
687,,,,,,,,,Credentials Functional,User ID + Password
688,,,,,,,,,Credentials Functional,User ID + Password
689,,,,,,,,,Credentials Functional,User ID + Password
690,,,,,,,,,Credentials Functional,User ID + Password
691,,,,,,,,,Credentials Functional,User ID + Password
692,,,,,,,,,Credentials Functional,User ID + Password
693,,,,,,,,,Credentials Functional,User ID + Password
694,,,,,,,,,Credentials Functional,User ID + Password
695,,,,,,,,,Credentials Functional,User ID + Password
696,,,,,,,,,Credentials Functional,User ID + Password
697,,,,,,,,,Credentials Functional,User ID + Password
698,,,,,,,,,Credentials Functional,User ID + Password
699,,,,,,,,,Credentials Functional,User ID + Password
700,,,,,,,,,Credentials Functional,User ID + Password
701,,,,,,,,,Credentials Functional,User ID + Password
702,,,,,,,,,Credentials Functional,User ID + Password
703,,,,,,,,,Credentials Functional,User ID + Password
704,,,,,,,,,Credentials Functional,User ID + Password
705,,,,,,,,,Credentials Functional,User ID + Password
706,,,,,,,,,Credentials Functional,User ID + Password
707,,,,,,,,,Credentials Functional,User ID + Password
708,,,,,,,,,Credentials Functional,User ID + Password
709,,,,,,,,,Credentials Functional,User ID + Password
710,,,,,,,,,Credentials Functional,User ID + Password
711,,,,,,,,,Credentials Functional,User ID + Password
712,,,,,,,,,Credentials Functional,User ID + Password
713,,,,,,,,,Credentials Functional,User ID + Password
714,,,,,,,,,Credentials Functional,User ID + Password
715,,,,,,,,,Credentials Functional,User ID + Password
716,,,,,,,,,Credentials Functional,User ID + Password
717,,,,,,,,,Credentials Functional,User ID + Password
718,,,,,,,,,Credentials Functional,User ID + Password
719,,,,,,,,,Credentials Functional,User ID + Password
720,,,,,,,,,Credentials Functional,User ID + Password
721,,,,,,,,,Credentials Functional,User ID + Password
722,,,,,,,,,Credentials Functional,User ID + Password
723,,,,,,,,,Credentials Functional,User ID + Password
724,,,,,,,,,Credentials Functional,User ID + Password
725,,,,,,,,,Credentials Functional,User ID + Password
726,,,,,,,,,Credentials Functional,User ID + Password
727,,,,,,,,,Credentials Functional,User ID + Password
728,,,,,,,,,Credentials Functional,User ID + Password
729,,,,,,,,,Credentials Functional,User ID + Password
730,,,,,,,,,Credentials Functional,User ID + Password
731,,,,,,,,,Credentials Functional,User ID + Password
732,,,,,,,,,Credentials Functional,User ID + Password
733,,,,,,,,,Credentials Functional,User ID + Password
734,,,,,,,,,Credentials Functional,User ID + Password
735,,,,,,,,,Credentials Functional,User ID + Password
736,,,,,,,,,Credentials Functional,User ID + Password
737,,,,,,,,,Credentials Functional,User ID + Password
738,,,,,,,,,Credentials Functional,User ID + Password
739,,,,,,,,,Credentials Functional,User ID + Password
740,,,,,,,,,Credentials Functional,User ID + Password
741,,,,,,,,,Credentials Functional,User ID + Password
742,,,,,,,,,Credentials Functional,User ID + Password
743,,,,,,,,,Credentials Functional,User ID + Password
744,,,,,,,,,Credentials Functional,User ID + Password
745,,,,,,,,,Credentials Functional,User ID + Password
746,,,,,,,,,Credentials Functional,User ID + Password
747,,,,,,,,,Credentials Functional,User ID + Password
748,,,,,,,,,Credentials Functional,User ID + Password
749,,,,,,,,,Credentials Functional,User ID + Password
750,,,,,,,,,Credentials Functional,User ID + Password
751,,,,,,,,,Credentials Functional,User ID + Password
752,,,,,,,,,Credentials Functional,User ID + Password
753,,,,,,,,,Credentials Functional,User ID + Password
754,,,,,,,,,Credentials Functional,User ID + Password
755,,,,,,,,,Credentials Functional,User ID + Password
756,,,,,,,,,Credentials Functional,User ID + Password
757,,,,,,,,,Credentials Functional,User ID + Password
758,,,,,,,,,Credentials Functional,User ID + Password
759,,,,,,,,,Credentials Functional,User ID + Password
760,,,,,,,,,Credentials Functional,User ID + Password
761,,,,,,,,,Credentials Functional,User ID + Password
762,,,,,,,,,Credentials Functional,User ID + Password
763,,,,,,,,,Credentials Functional,User ID + Password
764,,,,,,,,,Credentials Functional,User ID + Password
765,,,,,,,,,Credentials Functional,User ID + Password
766,,,,,,,,,Credentials Functional,User ID + Password
767,,,,,,,,,Credentials Functional,User ID + Password
768,,,,,,,,,Credentials Functional,User ID + Password
769,,,,,,,,,Credentials Functional,User ID + Password
770,,,,,,,,,Credentials Functional,User ID + Password
771,,,,,,,,,Credentials Functional,User ID + Password
772,,,,,,,,,Credentials Functional,User ID + Password
773,,,,,,,,,Credentials Functional,User ID + Password
774,,,,,,,,,Credentials Functional,User ID + Password
775,,,,,,,,,Credentials Functional,User ID + Password
776,,,,,,,,,Credentials Functional,User ID + Password
777,,,,,,,,,Credentials Functional,User ID + Password
778,,,,,,,,,Credentials Functional,User ID + Password
779,,,,,,,,,Credentials Functional,User ID + Password
780,,,,,,,,,Credentials Functional,User ID + Password
781,,,,,,,,,Credentials Functional,User ID + Password
782,,,,,,,,,Credentials Functional,User ID + Password
783,,,,,,,,,Download Not Possible (Invalid CA No. provided),NA
784,,,,,,,,,Credentials Functional,User ID + Password
785,,,,,,,,,Credentials Functional,User ID + Password
786,,,,,,,,,Data Needed from Client(Boardname / CA No.),NA
787,,,,,,,,,Data Needed from Client(Boardname / CA No.),NA
788,,,,,,,,,Credentials Required,User ID + Password
789,,,,,,,,,Credentials Required,User ID + Password
790,,,,,,,,,Credentials Required,User ID + Password
791,,,,,,,,,Data Needed from Client(Boardname / CA No.),NA
792,,,,,,,,,Credentials Required,User ID + Password
793,,,,,,,,,Credentials Required,User ID + Password
794,,,,,,,,,Data Needed from Client(Boardname / CA No.),NA
795,,,,,,,,,Download Not Possible (Invalid CA No. provided),NA
796,,,,,,,,,Download Not Possible (Invalid CA No. provided),NA
797,,,,,,,,,Download Not Possible (Invalid CA No. provided),NA
798,,,,,,,,,Download Not Possible (Invalid CA No. provided),NA
799,,,,,,,,,Download Not Possible (Invalid CA No. provided),NA
800,,,,,,,,,Download Not Possible (Invalid CA No. provided),NA
801,,,,,,,,,Download Not Possible (Invalid CA No. provided),NA
802,,,,,,,,,Download Not Possible (Invalid CA No. provided),NA
803,,,,,,,,,Credentials Functional,User ID + Password
804,,,,,,,,,Data Needed from Client(Boardname / CA No.),NA
805,,,,,,,,,Data Needed from Client(Boardname / CA No.),NA
806,,,,,,,,,Data Needed from Client(Boardname / CA No.),NA
807,,,,,,,,,Data Needed from Client(Boardname / CA No.),NA
808,,,,,,,,,Data Needed from Client(Boardname / CA No.),NA
809,,,,,,,,,Download Not Possible (OTP),CA No. + Mobile No. + OTP
810,,,,,,,,,Download Not Possible (OTP),CA No. + Mobile No. + OTP
811,,,,,,,,,Download Not Possible (OTP),CA No. + Mobile No. + OTP
812,,,,,,,,,Download Not Possible (OTP),CA No. + Mobile No. + OTP
813,,,,,,,,,Download Not Possible (OTP),CA No. + Mobile No. + OTP
814,,,,,,,,,Download Not Possible (OTP),CA No. + Mobile No. + OTP
815,,,,,,,,,Download Not Possible (OTP),CA No. + Mobile No. + OTP
816,,,,,,,,,Download Not Possible (OTP),CA No. + Mobile No. + OTP
817,,,,,,,,,Download Not Possible (OTP),CA No. + Mobile No. + OTP
818,,,,,,,,,Download Not Possible (OTP),CA No. + Mobile No. + OTP
819,,,,,,,,,Download Not Possible (OTP),CA No. + Mobile No. + OTP
820,,,,,,,,,Download Not Possible (OTP),CA No. + Mobile No. + OTP
821,,,,,,,,,Download Not Possible (OTP),CA No. + Mobile No. + OTP
822,,,,,,,,,Download Not Possible (OTP),CA No. + Mobile No. + OTP
823,,,,,,,,,Download Not Possible (OTP),CA No. + Mobile No. + OTP
824,,,,,,,,,Download Not Possible (OTP),CA No. + Mobile No. + OTP
825,,,,,,,,,Download Not Possible (OTP),CA No. + Mobile No. + OTP
826,,,,,,,,,Download Not Possible (OTP),CA No. + Mobile No. + OTP
827,,,,,,,,,Download Not Possible (OTP),CA No. + Mobile No. + OTP
828,,,,,,,,,Download Not Possible (OTP),CA No. + Mobile No. + OTP
829,,,,,,,,,Download Not Possible (OTP),CA No. + Mobile No. + OTP
830,,,,,,,,,Download Not Possible (OTP),CA No. + Mobile No. + OTP
831,,,,,,,,,Download Not Possible (OTP),CA No. + Mobile No. + OTP
832,,,,,,,,,Download Not Possible (OTP),CA No. + Mobile No. + OTP
833,,,,,,,,,Download Not Possible (OTP),CA No. + Mobile No. + OTP
834,,,,,,,,,Download Not Possible (OTP),CA No. + Mobile No. + OTP
835,,,,,,,,,Download Not Possible (OTP),CA No. + Mobile No. + OTP
836,,,,,,,,,Download Not Possible (OTP),CA No. + Mobile No. + OTP
837,,,,,,,,,Download Not Possible (OTP),CA No. + Mobile No. + OTP
838,,,,,,,,,Download Not Possible (OTP),CA No. + Mobile No. + OTP
839,,,,,,,,,Download Not Possible (OTP),CA No. + Mobile No. + OTP
840,,,,,,,,,Download Not Possible (OTP),CA No. + Mobile No. + OTP
841,,,,,,,,,Download Not Possible (OTP),CA No. + Mobile No. + OTP
842,,,,,,,,,Download Not Possible (OTP),CA No. + Mobile No. + OTP
843,,,,,,,,,Download Not Possible (OTP),CA No. + Mobile No. + OTP
844,,,,,,,,,Download Not Possible (OTP),CA No. + Mobile No. + OTP
845,,,,,,,,,Data Needed from Client(Boardname / CA No.),NA
846,,,,,,,,,Data Needed from Client(Boardname / CA No.),NA
847,,,,,,,,,Data Needed from Client(Boardname / CA No.),NA
848,,,,,,,,,Data Needed from Client(Boardname / CA No.),NA
849,,,,,,,,,Data Needed from Client(Boardname / CA No.),NA
850,,,,,,,,,Data Needed from Client(Boardname / CA No.),NA
851,,,,,,,,,Data Needed from Client(Boardname / CA No.),NA
852,,,,,,,,,Credentials Required,CA No. + Password
853,,,,,,,,,Credentials Required,CA No. + Password
854,,,,,,,,,Credentials Required,CA No. + Password
855,,,,,,,,,Credentials Required,CA No. + Password
